{"medusa_True_batch_True": 3.0181741952896117, "medusa_True_batch_False": 2.9367199897766114, "medusa_False_batch_True": 24.94254050254822, "medusa_False_batch_False": 25.613705968856813}